Date,Shares_Outstanding,Ticker
30-06-2009,5900000000,T
31-10-2009,5901000000,T
31-01-2010,5902074438,T
30-04-2010,5909000000,T
31-07-2010,5909046451,T
31-10-2010,5910000000,T
31-12-2010,0,T
29-04-2011,5922000000,T
29-07-2011,5926000000,T
31-10-2011,5926000000,T
31-01-2012,5929000000,T
30-04-2012,5863000000,T
31-07-2012,5769000000,T
31-10-2012,5680000000,T
20-02-2013,5492000000,T
30-04-2013,5380000000,T
31-07-2013,5311000000,T
31-10-2013,5268000000,T
14-02-2014,5207000000,T
30-04-2014,5190000000,T
31-07-2014,5186000000,T
31-10-2014,5187000000,T
13-02-2015,5190000000,T
30-04-2015,5193000000,T
31-07-2015,6151000000,T
31-10-2015,6152000000,T
10-02-2016,6151000000,T
30-04-2016,6156000000,T
31-07-2016,6152000000,T
31-10-2016,6141000000,T
10-02-2017,6142000000,T
30-04-2017,6148000000,T
31-07-2017,6140000000,T
31-10-2017,6139000000,T
09-02-2018,6142000000,T
30-04-2018,6141000000,T
31-07-2018,7262000000,T
31-10-2018,7278000000,T
12-02-2019,7285000000,T
30-04-2019,7298000000,T
31-07-2019,7307000000,T
31-10-2019,7305000000,T
12-02-2020,7172884070,T
30-04-2020,7125000000,T
31-07-2020,7125000000,T
31-10-2020,7126000000,T
12-02-2021,7131763496,T
30-04-2021,7140000000,T
30-07-2021,7140000000,T
29-10-2021,7141000000,T
11-02-2022,7142892741,T
27-04-2022,7159000000,T
28-07-2022,7126000000,T
31-10-2022,7127000000,T
08-02-2023,7129870323,T
25-04-2023,7149000000,T
24-07-2023,7149000000,T
25-10-2023,7150020118,T
07-02-2024,7152792253,T
25-04-2024,7170165104,T
18-07-2024,7170243877,T
24-10-2024,7175289157,T
31-01-2025,7178183000,T
24-04-2025,7195602178,T
21-07-2025,7150385480,T
21-10-2025,7089449495,T
28-01-2026,7000577201,T
30-06-2009,2840613457,VZ
30-09-2009,2840648086,VZ
29-01-2010,2835726911,VZ
31-03-2010,2826732438,VZ
30-06-2010,2826741689,VZ
30-09-2010,2826782631,VZ
31-01-2011,2828072313,VZ
31-03-2011,2829078226,VZ
30-06-2011,2830580870,VZ
30-09-2011,2831090656,VZ
31-01-2012,2835524157,VZ
30-03-2012,2841032606,VZ
29-06-2012,2848876875,VZ
28-09-2012,2853919743,VZ
31-01-2013,2858275417,VZ
28-03-2013,2861117414,VZ
28-06-2013,2861646254,VZ
30-09-2013,2861750762,VZ
24-02-2014,4141140749,VZ
31-03-2014,4141148976,VZ
30-06-2014,4145232133,VZ
30-09-2014,4149723706,VZ
30-01-2015,4155408208,VZ
31-03-2015,4078487075,VZ
30-06-2015,4065691468,VZ
30-09-2015,4068873137,VZ
29-01-2016,4073840949,VZ
31-03-2016,4076288055,VZ
30-06-2016,4076301833,VZ
30-09-2016,4076633952,VZ
31-01-2017,4076731752,VZ
31-03-2017,4079369367,VZ
30-06-2017,4079407956,VZ
30-09-2017,4079440836,VZ
31-01-2018,4079486153,VZ
31-03-2018,4131896508,VZ
30-06-2018,4131935606,VZ
30-09-2018,4132015101,VZ
31-01-2019,4132045883,VZ
31-03-2019,4135706646,VZ
30-06-2019,4135764809,VZ
30-09-2019,4135784209,VZ
31-01-2020,4135863778,VZ
31-03-2020,4137995405,VZ
30-06-2020,4138053870,VZ
30-09-2020,4138094367,VZ
29-01-2021,4138148588,VZ
31-03-2021,4140067633,VZ
30-06-2021,4140116007,VZ
30-09-2021,4140163896,VZ
31-01-2022,4197823662,VZ
31-03-2022,4199643701,VZ
30-06-2022,4199714676,VZ
30-09-2022,4199817447,VZ
31-01-2023,4199882937,VZ
31-03-2023,4203991483,VZ
30-06-2023,4204039985,VZ
30-09-2023,4204101659,VZ
31-01-2024,4204272443,VZ
31-03-2024,4209254894,VZ
30-06-2024,4209519996,VZ
30-09-2024,4209626270,VZ
31-01-2025,4209703958,VZ
31-03-2025,4216254914,VZ
30-06-2025,4216324808,VZ
30-09-2025,4216425489,VZ
30-01-2026,4217684168,VZ
31-12-2023,6245000000,AMX
31-12-2024,6100000000,AMX
31-12-2017,7757446545,CHT
31-12-2018,7757446545,CHT
31-12-2019,7757446545,CHT
31-12-2020,7757446545,CHT
31-12-2021,7757446545,CHT
31-12-2022,7757446545,CHT
31-12-2023,7757446545,CHT
31-12-2024,7757446545,CHT
2017,5100000000,TEF
2021,5800000000,TEF
2015,594573092,TU
31-12-2018,598674024,TU
31-12-2019,604586502,TU
31-12-2020,1291392613,TU
31-12-2021,1370214882,TU
31-12-2022,1430590439,TU
31-12-2023,1467785977,TU
31-12-2024,1503529135,TU
31-12-2025,1548656383,TU
31-12-2017,900996640,BCE
30-06-2018,897993230,BCE
31-12-2018,898200415,BCE
31-12-2019,903908182,BCE
31-12-2020,904415010,BCE
31-12-2021,909018871,BCE
31-12-2022,911982866,BCE
31-12-2023,912274545,BCE
2024,430000000,RCI
31-12-2021,1676938271,VIV
31-12-2022,1663556731,VIV
31-12-2023,1652588360,VIV
31-12-2024,1626682604,VIV
31-12-2025,3195606352,VIV
2025,1000000000,TLK
30-07-2010,353890321,TMUS
29-10-2010,354414781,TMUS
31-01-2011,356626174,TMUS
29-04-2011,358760901,TMUS
29-07-2011,361965610,TMUS
28-10-2011,362259788,TMUS
31-01-2012,362504956,TMUS
23-04-2012,363186192,TMUS
20-07-2012,363424295,TMUS
19-10-2012,364103435,TMUS
31-01-2013,367887191,TMUS
19-04-2013,370274013,TMUS
31-07-2013,726716596,TMUS
31-10-2013,728696706,TMUS
31-01-2014,802454478,TMUS
28-04-2014,802928895,TMUS
28-07-2014,807165830,TMUS
23-10-2014,807350358,TMUS
17-02-2015,807778654,TMUS
24-04-2015,810415343,TMUS
27-07-2015,814874652,TMUS
23-10-2015,816037384,TMUS
11-02-2016,818420728,TMUS
21-04-2016,822185586,TMUS
21-07-2016,822740120,TMUS
20-10-2016,824015429,TMUS
08-02-2017,826525821,TMUS
19-04-2017,830835887,TMUS
17-07-2017,831048573,TMUS
19-10-2017,831964098,TMUS
02-02-2018,854428593,TMUS
27-04-2018,846845766,TMUS
27-07-2018,847231474,TMUS
25-10-2018,848393022,TMUS
04-02-2019,850221464,TMUS
18-04-2019,854303011,TMUS
22-07-2019,854457048,TMUS
23-10-2019,855574798,TMUS
31-01-2020,856932845,TMUS
30-04-2020,1235763488,TMUS
03-08-2020,1237808926,TMUS
30-10-2020,1241186776,TMUS
17-02-2021,1242804085,TMUS
28-04-2021,1246857781,TMUS
28-07-2021,1247966318,TMUS
27-10-2021,1249053529,TMUS
07-02-2022,1249289954,TMUS
29-04-2022,1253584833,TMUS
22-07-2022,1254041236,TMUS
20-10-2022,1244154134,TMUS
10-02-2023,1219383110,TMUS
21-04-2023,1199892465,TMUS
21-07-2023,1176457229,TMUS
20-10-2023,1156475060,TMUS
31-01-2024,1186867575,TMUS
19-04-2024,1171854259,TMUS
26-07-2024,1166784033,TMUS
18-10-2024,1160486648,TMUS
24-01-2025,1141744952,TMUS
17-04-2025,1135445108,TMUS
18-07-2025,1125419038,TMUS
17-10-2025,1118506626,TMUS
06-02-2026,1101862739,TMUS
31-12-2017,245097055,KT
31-12-2018,245144768,KT
31-12-2019,245241550,KT
31-12-2020,241842130,KT
31-12-2021,235808146,KT
31-12-2022,256042678,KT
31-12-2023,246413422,KT
31-12-2024,245832946,KT
31-12-2017,70609160,SKM
31-12-2018,71869828,SKM
31-12-2019,73136448,SKM
31-12-2020,71327153,SKM
31-12-2021,217582152,SKM
31-12-2022,218032053,SKM
31-12-2023,212699730,SKM
31-12-2024,212886342,SKM
31-07-2010,301445975,LUMN
29-10-2010,303246592,LUMN
28-02-2011,305609343,LUMN
29-04-2011,600544452,LUMN
01-08-2011,616443796,LUMN
27-10-2011,617606030,LUMN
21-02-2012,619614139,LUMN
03-05-2012,621237597,LUMN
02-08-2012,622649622,LUMN
02-11-2012,624263963,LUMN
15-02-2013,625822780,LUMN
02-05-2013,609046043,LUMN
01-08-2013,600675937,LUMN
31-10-2013,591070797,LUMN
18-02-2014,577955329,LUMN
02-05-2014,572747122,LUMN
01-08-2014,570164804,LUMN
31-10-2014,570705291,LUMN
17-02-2015,566483129,LUMN
30-04-2015,563749179,LUMN
31-07-2015,562985838,LUMN
30-10-2015,549004205,LUMN
17-02-2016,543852862,LUMN
28-04-2016,546051961,LUMN
28-07-2016,545969547,LUMN
27-10-2016,546690239,LUMN
16-02-2017,546575404,LUMN
27-04-2017,548812063,LUMN
27-07-2017,549609275,LUMN
02-11-2017,1069003333,LUMN
16-02-2018,1069861684,LUMN
04-05-2018,1078846346,LUMN
03-08-2018,1080123279,LUMN
02-11-2018,1080659270,LUMN
22-02-2019,1079783226,LUMN
03-05-2019,1090313414,LUMN
01-08-2019,1090769045,LUMN
31-10-2019,1090229100,LUMN
21-02-2020,1089540310,LUMN
04-05-2020,1097502122,LUMN
31-07-2020,1097537902,LUMN
30-10-2020,1097131230,LUMN
23-02-2021,1096848568,LUMN
30-04-2021,1105312538,LUMN
30-07-2021,1105232133,LUMN
29-10-2021,1023894166,LUMN
22-02-2022,1023372224,LUMN
29-04-2022,1033055343,LUMN
29-07-2022,1035339415,LUMN
31-10-2022,1034582843,LUMN
21-02-2023,1001303567,LUMN
28-04-2023,1004325546,LUMN
28-07-2023,1007986100,LUMN
27-10-2023,1008898542,LUMN
20-02-2024,1009755821,LUMN
26-04-2024,1015035771,LUMN
02-08-2024,1016810054,LUMN
31-10-2024,1014812246,LUMN
18-02-2025,1013799349,LUMN
29-04-2025,1025907768,LUMN
29-07-2025,1026140909,LUMN
28-10-2025,1025643740,LUMN
17-02-2026,1024369609,LUMN
31-12-2017,2200000000,TKC
31-12-2018,2200000000,TKC
31-12-2019,2200000000,TKC
31-12-2020,2200000000,TKC
30-06-2010,49849632,TDS
30-06-2010,53155606,AD
31-12-2017,216055775,PHI
31-12-2018,216055775,PHI
31-12-2019,216055775,PHI
31-12-2020,216055775,PHI
31-12-2021,216055775,PHI
31-12-2022,216055775,PHI
31-12-2023,216055775,PHI
2025,125000000,TEO
2025,500000000,TV
2025,23000000,IDT
31-12-2018,101739217,TIGO
31-12-2019,101739217,TIGO
31-12-2020,101739217,TIGO
31-12-2021,101739217,TIGO
31-12-2022,172096305,TIGO
31-12-2023,172096305,TIGO
31-12-2024,172096305,TIGO
05-08-2015,5845358,CABO
10-11-2015,5854540,CABO
29-02-2016,5778193,CABO
02-05-2016,5740828,CABO
01-08-2016,5720141,CABO
31-10-2016,5712573,CABO
21-02-2017,5719502,CABO
01-05-2017,5724293,CABO
04-08-2017,5725853,CABO
03-11-2017,5729380,CABO
23-02-2018,5733384,CABO
04-05-2018,5727206,CABO
06-08-2018,5703114,CABO
02-11-2018,5703524,CABO
22-02-2019,5703322,CABO
03-05-2019,5699603,CABO
02-08-2019,5706216,CABO
01-11-2019,5711214,CABO
21-02-2020,5724190,CABO
06-05-2020,5728335,CABO
31-07-2020,6020339,CABO
30-10-2020,6024666,CABO
19-02-2021,6034653,CABO
30-04-2021,6035204,CABO
04-08-2021,6038066,CABO
29-10-2021,6045473,CABO
18-02-2022,6059689,CABO
29-04-2022,5992786,CABO
29-07-2022,5879342,CABO
28-10-2022,5809413,CABO
17-02-2023,5728948,CABO
28-04-2023,5681414,CABO
28-07-2023,5622101,CABO
27-10-2023,5616731,CABO
16-02-2024,5619109,CABO
26-04-2024,5619075,CABO
26-07-2024,5619085,CABO
01-11-2024,5619563,CABO
21-02-2025,5627529,CABO
25-04-2025,5627768,CABO
25-07-2025,5628990,CABO
31-10-2025,5635177,CABO
20-02-2026,5672182,CABO
31-03-2011,110035469,CHTR
30-06-2011,110023072,CHTR
30-09-2011,107633812,CHTR
31-01-2012,100518414,CHTR
31-03-2012,100558818,CHTR
30-06-2012,100784199,CHTR
30-09-2012,101052864,CHTR
31-01-2013,101178821,CHTR
31-03-2013,101250955,CHTR
30-06-2013,101443869,CHTR
30-09-2013,104132858,CHTR
31-12-2013,106144075,CHTR
31-03-2014,108222226,CHTR
30-06-2014,108644877,CHTR
30-09-2014,109268321,CHTR
31-12-2014,111999687,CHTR
31-03-2015,112022182,CHTR
30-06-2015,112022583,CHTR
30-09-2015,112246506,CHTR
31-12-2015,112438828,CHTR
31-03-2016,112468096,CHTR
30-06-2016,270927828,CHTR
2025,150000000,SATS
